<?xml version="1.0" encoding="utf-8"?>
<cbinstall version="1.0" type="plugin" group="language">
	<name>fr-FR</name>
	<author>forge.joomlapolis.com/projects/lan-cb-fr</author>
	<creationDate>2013-03-09</creationDate>
	<copyright>(C) 2005 - 2012 joomlapolis.com</copyright>
	<license>http://www.gnu.org/licenses/old-licenses/gpl-2.0.html GNU/GPL version 2</license>
	<authorEmail>webmaster@aide-joomla.com</authorEmail>
	<authorUrl>www.forge.joomlapolis.com/projects/lan-cb-fr</authorUrl>
	<version>1.9</version>
	<description>Traduction française des fonctions de Community Builder</description>
	<files>
		<filename plugin="language">language.php</filename>
		<filename>index.html</filename>
		<filename>admin_language.php</filename>
		<filename>cbteamplugins_language.php</filename>
		<filename>calendar-locals.js</filename>
		<filename>images/index.html</filename>
		<filename>images/nophoto.jpg</filename>
		<filename>images/pendphoto.jpg</filename>
		<filename>images/tnnophoto.jpg</filename>
		<filename>images/tnpendphoto.jpg</filename>
	</files>
	<params>
	</params>
	<database>
	</database>
</cbinstall>

