<?xml version="1.0" encoding="utf-8"?>
<install type="component" version="1.6" method="upgrade">
	<name>AcctExp</name>
	<creationDate>2010.11.17</creationDate>
	<author>David Deutsch, Team AEC, Helder Garcia</author>
	<authorEmail>skore@valanx.org</authorEmail>
	<copyright>Copyright (C) 2004-2012 David Deutsch</copyright>
	<license>GNU/GPL 3.0</license>
	<authorUrl>http://valanx.org</authorUrl>
	<version>1.1</version>
	<description>A complete Membership Management System. By David Deutsch and the team at Valanx.org</description>
	<files folder="components/com_acctexp">
		<file>acctexp.class.php</file>
		<file>acctexp.html.php</file>
		<file>acctexp.php</file>
		<file>router.php</file>
		<folder>classes</folder>
		<folder>lib</folder>
		<folder>micro_integration</folder>
		<folder>processors</folder>
		<folder>tmpl</folder>
		<folder>toolbox</folder>
		<folder>views</folder>
	</files>
	<administration>
		<menu link="option=com_acctexp&amp;task=showCentral" img="../media/com_acctexp/images/admin/icons/aec_logo_tiny.png">ACCTEXP_MENU</menu>
		<files folder="administrator/components/com_acctexp">
			<file>acctexp.php</file>
			<file>admin.acctexp.php</file>
			<file>admin.acctexp.class.php</file>
			<file>admin.acctexp.html.php</file>
			<file>toolbar.acctexp.php</file>
			<folder>install</folder>
		</files>
		<languages folder="administrator/language">
			<language tag="da-DK">da-DK/da-DK.com_acctexp.ini</language>
			<language tag="de-DE">de-DE/de-DE.com_acctexp.ini</language>
			<language tag="de-DE">de-DE/de-DE.com_acctexp.iso4217.ini</language>
			<language tag="el-GR">el-GR/el-GR.com_acctexp.ini</language>
			<language tag="en-GB">en-GB/en-GB.com_acctexp.ini</language>
			<language tag="en-GB">en-GB/en-GB.com_acctexp.iso4217.ini</language>
			<language tag="en-GB">en-GB/en-GB.com_acctexp.menu.ini</language>
			<language tag="en-GB">en-GB/en-GB.com_acctexp.sys.ini</language>
			<language tag="es-ES">es-ES/es-ES.com_acctexp.ini</language>
			<language tag="fr-FR">fr-FR/fr-FR.com_acctexp.ini</language>
			<language tag="hu-HU">hu-HU/hu-HU.com_acctexp.ini</language>
			<language tag="hu-HU">hu-HU/hu-HU.com_acctexp.iso4217.ini</language>
			<language tag="it-IT">it-IT/it-IT.com_acctexp.ini</language>
			<language tag="ja-JP">ja-JP/ja-JP.com_acctexp.ini</language>
			<language tag="nl-NL">nl-NL/nl-NL.com_acctexp.ini</language>
			<language tag="pt-BR">pt-BR/pt-BR.com_acctexp.ini</language>
			<language tag="sv-SE">sv-SE/sv-SE.com_acctexp.ini</language>
			<language tag="zh-CN">zh-CN/zh-CN.com_acctexp.ini</language>
		</languages>
	</administration>
	<languages folder="language">
		<language tag="cz-CZ">cz-CZ/cz-CZ.com_acctexp.ini</language>
		<language tag="da-DK">da-DK/da-DK.com_acctexp.ini</language>
		<language tag="de-DE">de-DE/de-DE.com_acctexp.ini</language>
		<language tag="de-DE">de-DE/de-DE.com_acctexp.iso3166-1a2.ini</language>
		<language tag="de-DE">de-DE/de-DE.com_acctexp.microintegrations.ini</language>
		<language tag="de-DE">de-DE/de-DE.com_acctexp.processors.ini</language>
		<language tag="el-GR">el-GR/el-GR.com_acctexp.ini</language>
		<language tag="en-GB">en-GB/en-GB.com_acctexp.ini</language>
		<language tag="en-GB">en-GB/en-GB.com_acctexp.iso3166-1a2.ini</language>
		<language tag="en-GB">en-GB/en-GB.com_acctexp.iso639-1.ini</language>
		<language tag="en-GB">en-GB/en-GB.com_acctexp.microintegrations.ini</language>
		<language tag="en-GB">en-GB/en-GB.com_acctexp.processors.ini</language>
		<language tag="es-ES">es-ES/es-ES.com_acctexp.ini</language>
		<language tag="es-ES">es-ES/es-ES.com_acctexp.processors.ini</language>
		<language tag="fr-FR">fr-FR/fr-FR.com_acctexp.ini</language>
		<language tag="fr-FR">fr-FR/fr-FR.com_acctexp.microintegrations.ini</language>
		<language tag="fr-FR">fr-FR/fr-FR.com_acctexp.processors.ini</language>
		<language tag="hu-HU">hu-HU/hu-HU.com_acctexp.ini</language>
		<language tag="hu-HU">hu-HU/hu-HU.com_acctexp.iso3166-1a2.ini</language>
		<language tag="hu-HU">hu-HU/hu-HU.com_acctexp.iso639-1.ini</language>
		<language tag="hu-HU">hu-HU/hu-HU.com_acctexp.microintegrations.ini</language>
		<language tag="hu-HU">hu-HU/hu-HU.com_acctexp.processors.ini</language>
		<language tag="it-IT">it-IT/it-IT.com_acctexp.ini</language>
		<language tag="it-IT">it-IT/it-IT.com_acctexp.processors.ini</language>
		<language tag="ja-JP">ja-JP/ja-JP.com_acctexp.ini</language>
		<language tag="ja-JP">ja-JP/ja-JP.com_acctexp.iso3166-1a2.ini</language>
		<language tag="ja-JP">ja-JP/ja-JP.com_acctexp.microintegrations.ini</language>
		<language tag="ja-JP">ja-JP/ja-JP.com_acctexp.processors.ini</language>
		<language tag="nl-NL">nl-NL/nl-NL.com_acctexp.ini</language>
		<language tag="nl-NL">nl-NL/nl-NL.com_acctexp.processors.ini</language>
		<language tag="pt-BR">pt-BR/pt-BR.com_acctexp.ini</language>
		<language tag="pt-BR">pt-BR/pt-BR.com_acctexp.processors.ini</language>
		<language tag="ru-RU">ru-RU/ru-RU.com_acctexp.ini</language>
		<language tag="ru-RU">ru-RU/ru-RU.com_acctexp.iso3166-1a2.ini</language>
		<language tag="ru-RU">ru-RU/ru-RU.com_acctexp.processors.ini</language>
		<language tag="sv-SE">sv-SE/sv-SE.com_acctexp.ini</language>
		<language tag="sv-SE">sv-SE/sv-SE.com_acctexp.iso3166-1a2.ini</language>
		<language tag="sv-SE">sv-SE/sv-SE.com_acctexp.iso639-1.ini</language>
		<language tag="sv-SE">sv-SE/sv-SE.com_acctexp.microintegrations.ini</language>
		<language tag="sv-SE">sv-SE/sv-SE.com_acctexp.processors.ini</language>
		<language tag="zh-CN">zh-CN/zh-CN.com_acctexp.ini</language>
		<language tag="zh-CN">zh-CN/zh-CN.com_acctexp.processors.ini</language>
	</languages>
	<media destination="com_acctexp" folder="media/com_acctexp">
		<folder>css</folder>
		<folder>images</folder>
		<folder>js</folder>
		<folder>less</folder>
	</media>
	<installfile>install.acctexp.php</installfile>
	<scriptfile>install.acctexp.php</scriptfile>
	<uninstallfile>uninstall.acctexp.php</uninstallfile>
</install>
